[
  {
    "code": "050501000",
    "name": "Bacacay",
    "oldName": "",
    "isCapital": false,
    "isCity": false,
    "isMunicipality": true,
    "provinceCode": "050500000",
    "districtCode": false,
    "regionCode": "050000000",
    "islandGroupCode": "luzon",
    "psgc10DigitCode": "0500501000"
  },
  {
    "code": "050502000",
    "name": "Camalig",
    "oldName": "",
    "isCapital": false,
    "isCity": false,
    "isMunicipality": true,
    "provinceCode": "050500000",
    "districtCode": false,
    "regionCode": "050000000",
    "islandGroupCode": "luzon",
    "psgc10DigitCode": "0500502000"
  },
  {
    "code": "050503000",
    "name": "Daraga",
    "oldName": "Locsin",
    "isCapital": false,
    "isCity": false,
    "isMunicipality": true,
    "provinceCode": "050500000",
    "districtCode": false,
    "regionCode": "050000000",
    "islandGroupCode": "luzon",
    "psgc10DigitCode": "0500503000"
  },
  {
    "code": "050504000",
    "name": "Guinobatan",
    "oldName": "",
    "isCapital": false,
    "isCity": false,
    "isMunicipality": true,
    "provinceCode": "050500000",
    "districtCode": false,
    "regionCode": "050000000",
    "islandGroupCode": "luzon",
    "psgc10DigitCode": "0500504000"
  },
  {
    "code": "050505000",
    "name": "Jovellar",
    "oldName": "",
    "isCapital": false,
    "isCity": false,
    "isMunicipality": true,
    "provinceCode": "050500000",
    "districtCode": false,
    "regionCode": "050000000",
    "islandGroupCode": "luzon",
    "psgc10DigitCode": "0500505000"
  },
  {
    "code": "050506000",
    "name": "City of Legazpi",
    "oldName": "",
    "isCapital": true,
    "isCity": true,
    "isMunicipality": false,
    "provinceCode": "050500000",
    "districtCode": false,
    "regionCode": "050000000",
    "islandGroupCode": "luzon",
    "psgc10DigitCode": "0500506000"
  },
  {
    "code": "050507000",
    "name": "Libon",
    "oldName": "",
    "isCapital": false,
    "isCity": false,
    "isMunicipality": true,
    "provinceCode": "050500000",
    "districtCode": false,
    "regionCode": "050000000",
    "islandGroupCode": "luzon",
    "psgc10DigitCode": "0500507000"
  },
  {
    "code": "050508000",
    "name": "City of Ligao",
    "oldName": "",
    "isCapital": false,
    "isCity": true,
    "isMunicipality": false,
    "provinceCode": "050500000",
    "districtCode": false,
    "regionCode": "050000000",
    "islandGroupCode": "luzon",
    "psgc10DigitCode": "0500508000"
  },
  {
    "code": "050509000",
    "name": "Malilipot",
    "oldName": "",
    "isCapital": false,
    "isCity": false,
    "isMunicipality": true,
    "provinceCode": "050500000",
    "districtCode": false,
    "regionCode": "050000000",
    "islandGroupCode": "luzon",
    "psgc10DigitCode": "0500509000"
  },
  {
    "code": "050510000",
    "name": "Malinao",
    "oldName": "",
    "isCapital": false,
    "isCity": false,
    "isMunicipality": true,
    "provinceCode": "050500000",
    "districtCode": false,
    "regionCode": "050000000",
    "islandGroupCode": "luzon",
    "psgc10DigitCode": "0500510000"
  },
  {
    "code": "050511000",
    "name": "Manito",
    "oldName": "",
    "isCapital": false,
    "isCity": false,
    "isMunicipality": true,
    "provinceCode": "050500000",
    "districtCode": false,
    "regionCode": "050000000",
    "islandGroupCode": "luzon",
    "psgc10DigitCode": "0500511000"
  },
  {
    "code": "050512000",
    "name": "Oas",
    "oldName": "",
    "isCapital": false,
    "isCity": false,
    "isMunicipality": true,
    "provinceCode": "050500000",
    "districtCode": false,
    "regionCode": "050000000",
    "islandGroupCode": "luzon",
    "psgc10DigitCode": "0500512000"
  },
  {
    "code": "050513000",
    "name": "Pio Duran",
    "oldName": "",
    "isCapital": false,
    "isCity": false,
    "isMunicipality": true,
    "provinceCode": "050500000",
    "districtCode": false,
    "regionCode": "050000000",
    "islandGroupCode": "luzon",
    "psgc10DigitCode": "0500513000"
  },
  {
    "code": "050514000",
    "name": "Polangui",
    "oldName": "",
    "isCapital": false,
    "isCity": false,
    "isMunicipality": true,
    "provinceCode": "050500000",
    "districtCode": false,
    "regionCode": "050000000",
    "islandGroupCode": "luzon",
    "psgc10DigitCode": "0500514000"
  },
  {
    "code": "050515000",
    "name": "Rapu-Rapu",
    "oldName": "",
    "isCapital": false,
    "isCity": false,
    "isMunicipality": true,
    "provinceCode": "050500000",
    "districtCode": false,
    "regionCode": "050000000",
    "islandGroupCode": "luzon",
    "psgc10DigitCode": "0500515000"
  },
  {
    "code": "050516000",
    "name": "Santo Domingo",
    "oldName": "Libog",
    "isCapital": false,
    "isCity": false,
    "isMunicipality": true,
    "provinceCode": "050500000",
    "districtCode": false,
    "regionCode": "050000000",
    "islandGroupCode": "luzon",
    "psgc10DigitCode": "0500516000"
  },
  {
    "code": "050517000",
    "name": "City of Tabaco",
    "oldName": "",
    "isCapital": false,
    "isCity": true,
    "isMunicipality": false,
    "provinceCode": "050500000",
    "districtCode": false,
    "regionCode": "050000000",
    "islandGroupCode": "luzon",
    "psgc10DigitCode": "0500517000"
  },
  {
    "code": "050518000",
    "name": "Tiwi",
    "oldName": "",
    "isCapital": false,
    "isCity": false,
    "isMunicipality": true,
    "provinceCode": "050500000",
    "districtCode": false,
    "regionCode": "050000000",
    "islandGroupCode": "luzon",
    "psgc10DigitCode": "0500518000"
  },
  {
    "code": "051601000",
    "name": "Basud",
    "oldName": "",
    "isCapital": false,
    "isCity": false,
    "isMunicipality": true,
    "provinceCode": "051600000",
    "districtCode": false,
    "regionCode": "050000000",
    "islandGroupCode": "luzon",
    "psgc10DigitCode": "0501601000"
  },
  {
    "code": "051602000",
    "name": "Capalonga",
    "oldName": "",
    "isCapital": false,
    "isCity": false,
    "isMunicipality": true,
    "provinceCode": "051600000",
    "districtCode": false,
    "regionCode": "050000000",
    "islandGroupCode": "luzon",
    "psgc10DigitCode": "0501602000"
  },
  {
    "code": "051603000",
    "name": "Daet",
    "oldName": "",
    "isCapital": true,
    "isCity": false,
    "isMunicipality": true,
    "provinceCode": "051600000",
    "districtCode": false,
    "regionCode": "050000000",
    "islandGroupCode": "luzon",
    "psgc10DigitCode": "0501603000"
  },
  {
    "code": "051604000",
    "name": "San Lorenzo Ruiz",
    "oldName": "Imelda",
    "isCapital": false,
    "isCity": false,
    "isMunicipality": true,
    "provinceCode": "051600000",
    "districtCode": false,
    "regionCode": "050000000",
    "islandGroupCode": "luzon",
    "psgc10DigitCode": "0501604000"
  },
  {
    "code": "051605000",
    "name": "Jose Panganiban",
    "oldName": "",
    "isCapital": false,
    "isCity": false,
    "isMunicipality": true,
    "provinceCode": "051600000",
    "districtCode": false,
    "regionCode": "050000000",
    "islandGroupCode": "luzon",
    "psgc10DigitCode": "0501605000"
  },
  {
    "code": "051606000",
    "name": "Labo",
    "oldName": "",
    "isCapital": false,
    "isCity": false,
    "isMunicipality": true,
    "provinceCode": "051600000",
    "districtCode": false,
    "regionCode": "050000000",
    "islandGroupCode": "luzon",
    "psgc10DigitCode": "0501606000"
  },
  {
    "code": "051607000",
    "name": "Mercedes",
    "oldName": "",
    "isCapital": false,
    "isCity": false,
    "isMunicipality": true,
    "provinceCode": "051600000",
    "districtCode": false,
    "regionCode": "050000000",
    "islandGroupCode": "luzon",
    "psgc10DigitCode": "0501607000"
  },
  {
    "code": "051608000",
    "name": "Paracale",
    "oldName": "",
    "isCapital": false,
    "isCity": false,
    "isMunicipality": true,
    "provinceCode": "051600000",
    "districtCode": false,
    "regionCode": "050000000",
    "islandGroupCode": "luzon",
    "psgc10DigitCode": "0501608000"
  },
  {
    "code": "051609000",
    "name": "San Vicente",
    "oldName": "",
    "isCapital": false,
    "isCity": false,
    "isMunicipality": true,
    "provinceCode": "051600000",
    "districtCode": false,
    "regionCode": "050000000",
    "islandGroupCode": "luzon",
    "psgc10DigitCode": "0501609000"
  },
  {
    "code": "051610000",
    "name": "Santa Elena",
    "oldName": "",
    "isCapital": false,
    "isCity": false,
    "isMunicipality": true,
    "provinceCode": "051600000",
    "districtCode": false,
    "regionCode": "050000000",
    "islandGroupCode": "luzon",
    "psgc10DigitCode": "0501610000"
  },
  {
    "code": "051611000",
    "name": "Talisay",
    "oldName": "",
    "isCapital": false,
    "isCity": false,
    "isMunicipality": true,
    "provinceCode": "051600000",
    "districtCode": false,
    "regionCode": "050000000",
    "islandGroupCode": "luzon",
    "psgc10DigitCode": "0501611000"
  },
  {
    "code": "051612000",
    "name": "Vinzons",
    "oldName": "",
    "isCapital": false,
    "isCity": false,
    "isMunicipality": true,
    "provinceCode": "051600000",
    "districtCode": false,
    "regionCode": "050000000",
    "islandGroupCode": "luzon",
    "psgc10DigitCode": "0501612000"
  },
  {
    "code": "051701000",
    "name": "Baao",
    "oldName": "",
    "isCapital": false,
    "isCity": false,
    "isMunicipality": true,
    "provinceCode": "051700000",
    "districtCode": false,
    "regionCode": "050000000",
    "islandGroupCode": "luzon",
    "psgc10DigitCode": "0501701000"
  },
  {
    "code": "051702000",
    "name": "Balatan",
    "oldName": "",
    "isCapital": false,
    "isCity": false,
    "isMunicipality": true,
    "provinceCode": "051700000",
    "districtCode": false,
    "regionCode": "050000000",
    "islandGroupCode": "luzon",
    "psgc10DigitCode": "0501702000"
  },
  {
    "code": "051703000",
    "name": "Bato",
    "oldName": "",
    "isCapital": false,
    "isCity": false,
    "isMunicipality": true,
    "provinceCode": "051700000",
    "districtCode": false,
    "regionCode": "050000000",
    "islandGroupCode": "luzon",
    "psgc10DigitCode": "0501703000"
  },
  {
    "code": "051704000",
    "name": "Bombon",
    "oldName": "",
    "isCapital": false,
    "isCity": false,
    "isMunicipality": true,
    "provinceCode": "051700000",
    "districtCode": false,
    "regionCode": "050000000",
    "islandGroupCode": "luzon",
    "psgc10DigitCode": "0501704000"
  },
  {
    "code": "051705000",
    "name": "Buhi",
    "oldName": "",
    "isCapital": false,
    "isCity": false,
    "isMunicipality": true,
    "provinceCode": "051700000",
    "districtCode": false,
    "regionCode": "050000000",
    "islandGroupCode": "luzon",
    "psgc10DigitCode": "0501705000"
  },
  {
    "code": "051706000",
    "name": "Bula",
    "oldName": "",
    "isCapital": false,
    "isCity": false,
    "isMunicipality": true,
    "provinceCode": "051700000",
    "districtCode": false,
    "regionCode": "050000000",
    "islandGroupCode": "luzon",
    "psgc10DigitCode": "0501706000"
  },
  {
    "code": "051707000",
    "name": "Cabusao",
    "oldName": "",
    "isCapital": false,
    "isCity": false,
    "isMunicipality": true,
    "provinceCode": "051700000",
    "districtCode": false,
    "regionCode": "050000000",
    "islandGroupCode": "luzon",
    "psgc10DigitCode": "0501707000"
  },
  {
    "code": "051708000",
    "name": "Calabanga",
    "oldName": "",
    "isCapital": false,
    "isCity": false,
    "isMunicipality": true,
    "provinceCode": "051700000",
    "districtCode": false,
    "regionCode": "050000000",
    "islandGroupCode": "luzon",
    "psgc10DigitCode": "0501708000"
  },
  {
    "code": "051709000",
    "name": "Camaligan",
    "oldName": "",
    "isCapital": false,
    "isCity": false,
    "isMunicipality": true,
    "provinceCode": "051700000",
    "districtCode": false,
    "regionCode": "050000000",
    "islandGroupCode": "luzon",
    "psgc10DigitCode": "0501709000"
  },
  {
    "code": "051710000",
    "name": "Canaman",
    "oldName": "",
    "isCapital": false,
    "isCity": false,
    "isMunicipality": true,
    "provinceCode": "051700000",
    "districtCode": false,
    "regionCode": "050000000",
    "islandGroupCode": "luzon",
    "psgc10DigitCode": "0501710000"
  },
  {
    "code": "051711000",
    "name": "Caramoan",
    "oldName": "",
    "isCapital": false,
    "isCity": false,
    "isMunicipality": true,
    "provinceCode": "051700000",
    "districtCode": false,
    "regionCode": "050000000",
    "islandGroupCode": "luzon",
    "psgc10DigitCode": "0501711000"
  },
  {
    "code": "051712000",
    "name": "Del Gallego",
    "oldName": "",
    "isCapital": false,
    "isCity": false,
    "isMunicipality": true,
    "provinceCode": "051700000",
    "districtCode": false,
    "regionCode": "050000000",
    "islandGroupCode": "luzon",
    "psgc10DigitCode": "0501712000"
  },
  {
    "code": "051713000",
    "name": "Gainza",
    "oldName": "",
    "isCapital": false,
    "isCity": false,
    "isMunicipality": true,
    "provinceCode": "051700000",
    "districtCode": false,
    "regionCode": "050000000",
    "islandGroupCode": "luzon",
    "psgc10DigitCode": "0501713000"
  },
  {
    "code": "051714000",
    "name": "Garchitorena",
    "oldName": "",
    "isCapital": false,
    "isCity": false,
    "isMunicipality": true,
    "provinceCode": "051700000",
    "districtCode": false,
    "regionCode": "050000000",
    "islandGroupCode": "luzon",
    "psgc10DigitCode": "0501714000"
  },
  {
    "code": "051715000",
    "name": "Goa",
    "oldName": "",
    "isCapital": false,
    "isCity": false,
    "isMunicipality": true,
    "provinceCode": "051700000",
    "districtCode": false,
    "regionCode": "050000000",
    "islandGroupCode": "luzon",
    "psgc10DigitCode": "0501715000"
  },
  {
    "code": "051716000",
    "name": "City of Iriga",
    "oldName": "",
    "isCapital": false,
    "isCity": true,
    "isMunicipality": false,
    "provinceCode": "051700000",
    "districtCode": false,
    "regionCode": "050000000",
    "islandGroupCode": "luzon",
    "psgc10DigitCode": "0501716000"
  },
  {
    "code": "051717000",
    "name": "Lagonoy",
    "oldName": "",
    "isCapital": false,
    "isCity": false,
    "isMunicipality": true,
    "provinceCode": "051700000",
    "districtCode": false,
    "regionCode": "050000000",
    "islandGroupCode": "luzon",
    "psgc10DigitCode": "0501717000"
  },
  {
    "code": "051718000",
    "name": "Libmanan",
    "oldName": "",
    "isCapital": false,
    "isCity": false,
    "isMunicipality": true,
    "provinceCode": "051700000",
    "districtCode": false,
    "regionCode": "050000000",
    "islandGroupCode": "luzon",
    "psgc10DigitCode": "0501718000"
  },
  {
    "code": "051719000",
    "name": "Lupi",
    "oldName": "",
    "isCapital": false,
    "isCity": false,
    "isMunicipality": true,
    "provinceCode": "051700000",
    "districtCode": false,
    "regionCode": "050000000",
    "islandGroupCode": "luzon",
    "psgc10DigitCode": "0501719000"
  },
  {
    "code": "051720000",
    "name": "Magarao",
    "oldName": "",
    "isCapital": false,
    "isCity": false,
    "isMunicipality": true,
    "provinceCode": "051700000",
    "districtCode": false,
    "regionCode": "050000000",
    "islandGroupCode": "luzon",
    "psgc10DigitCode": "0501720000"
  },
  {
    "code": "051721000",
    "name": "Milaor",
    "oldName": "",
    "isCapital": false,
    "isCity": false,
    "isMunicipality": true,
    "provinceCode": "051700000",
    "districtCode": false,
    "regionCode": "050000000",
    "islandGroupCode": "luzon",
    "psgc10DigitCode": "0501721000"
  },
  {
    "code": "051722000",
    "name": "Minalabac",
    "oldName": "",
    "isCapital": false,
    "isCity": false,
    "isMunicipality": true,
    "provinceCode": "051700000",
    "districtCode": false,
    "regionCode": "050000000",
    "islandGroupCode": "luzon",
    "psgc10DigitCode": "0501722000"
  },
  {
    "code": "051723000",
    "name": "Nabua",
    "oldName": "",
    "isCapital": false,
    "isCity": false,
    "isMunicipality": true,
    "provinceCode": "051700000",
    "districtCode": false,
    "regionCode": "050000000",
    "islandGroupCode": "luzon",
    "psgc10DigitCode": "0501723000"
  },
  {
    "code": "051724000",
    "name": "City of Naga",
    "oldName": "",
    "isCapital": false,
    "isCity": true,
    "isMunicipality": false,
    "provinceCode": "051700000",
    "districtCode": false,
    "regionCode": "050000000",
    "islandGroupCode": "luzon",
    "psgc10DigitCode": "0501724000"
  },
  {
    "code": "051725000",
    "name": "Ocampo",
    "oldName": "",
    "isCapital": false,
    "isCity": false,
    "isMunicipality": true,
    "provinceCode": "051700000",
    "districtCode": false,
    "regionCode": "050000000",
    "islandGroupCode": "luzon",
    "psgc10DigitCode": "0501725000"
  },
  {
    "code": "051726000",
    "name": "Pamplona",
    "oldName": "",
    "isCapital": false,
    "isCity": false,
    "isMunicipality": true,
    "provinceCode": "051700000",
    "districtCode": false,
    "regionCode": "050000000",
    "islandGroupCode": "luzon",
    "psgc10DigitCode": "0501726000"
  },
  {
    "code": "051727000",
    "name": "Pasacao",
    "oldName": "",
    "isCapital": false,
    "isCity": false,
    "isMunicipality": true,
    "provinceCode": "051700000",
    "districtCode": false,
    "regionCode": "050000000",
    "islandGroupCode": "luzon",
    "psgc10DigitCode": "0501727000"
  },
  {
    "code": "051728000",
    "name": "Pili",
    "oldName": "",
    "isCapital": true,
    "isCity": false,
    "isMunicipality": true,
    "provinceCode": "051700000",
    "districtCode": false,
    "regionCode": "050000000",
    "islandGroupCode": "luzon",
    "psgc10DigitCode": "0501728000"
  },
  {
    "code": "051729000",
    "name": "Presentacion",
    "oldName": "Parubcan",
    "isCapital": false,
    "isCity": false,
    "isMunicipality": true,
    "provinceCode": "051700000",
    "districtCode": false,
    "regionCode": "050000000",
    "islandGroupCode": "luzon",
    "psgc10DigitCode": "0501729000"
  },
  {
    "code": "051730000",
    "name": "Ragay",
    "oldName": "",
    "isCapital": false,
    "isCity": false,
    "isMunicipality": true,
    "provinceCode": "051700000",
    "districtCode": false,
    "regionCode": "050000000",
    "islandGroupCode": "luzon",
    "psgc10DigitCode": "0501730000"
  },
  {
    "code": "051731000",
    "name": "Sagñay",
    "oldName": "",
    "isCapital": false,
    "isCity": false,
    "isMunicipality": true,
    "provinceCode": "051700000",
    "districtCode": false,
    "regionCode": "050000000",
    "islandGroupCode": "luzon",
    "psgc10DigitCode": "0501731000"
  },
  {
    "code": "051732000",
    "name": "San Fernando",
    "oldName": "",
    "isCapital": false,
    "isCity": false,
    "isMunicipality": true,
    "provinceCode": "051700000",
    "districtCode": false,
    "regionCode": "050000000",
    "islandGroupCode": "luzon",
    "psgc10DigitCode": "0501732000"
  },
  {
    "code": "051733000",
    "name": "San Jose",
    "oldName": "",
    "isCapital": false,
    "isCity": false,
    "isMunicipality": true,
    "provinceCode": "051700000",
    "districtCode": false,
    "regionCode": "050000000",
    "islandGroupCode": "luzon",
    "psgc10DigitCode": "0501733000"
  },
  {
    "code": "051734000",
    "name": "Sipocot",
    "oldName": "",
    "isCapital": false,
    "isCity": false,
    "isMunicipality": true,
    "provinceCode": "051700000",
    "districtCode": false,
    "regionCode": "050000000",
    "islandGroupCode": "luzon",
    "psgc10DigitCode": "0501734000"
  },
  {
    "code": "051735000",
    "name": "Siruma",
    "oldName": "",
    "isCapital": false,
    "isCity": false,
    "isMunicipality": true,
    "provinceCode": "051700000",
    "districtCode": false,
    "regionCode": "050000000",
    "islandGroupCode": "luzon",
    "psgc10DigitCode": "0501735000"
  },
  {
    "code": "051736000",
    "name": "Tigaon",
    "oldName": "",
    "isCapital": false,
    "isCity": false,
    "isMunicipality": true,
    "provinceCode": "051700000",
    "districtCode": false,
    "regionCode": "050000000",
    "islandGroupCode": "luzon",
    "psgc10DigitCode": "0501736000"
  },
  {
    "code": "051737000",
    "name": "Tinambac",
    "oldName": "",
    "isCapital": false,
    "isCity": false,
    "isMunicipality": true,
    "provinceCode": "051700000",
    "districtCode": false,
    "regionCode": "050000000",
    "islandGroupCode": "luzon",
    "psgc10DigitCode": "0501737000"
  },
  {
    "code": "052001000",
    "name": "Bagamanoc",
    "oldName": "",
    "isCapital": false,
    "isCity": false,
    "isMunicipality": true,
    "provinceCode": "052000000",
    "districtCode": false,
    "regionCode": "050000000",
    "islandGroupCode": "luzon",
    "psgc10DigitCode": "0502001000"
  },
  {
    "code": "052002000",
    "name": "Baras",
    "oldName": "",
    "isCapital": false,
    "isCity": false,
    "isMunicipality": true,
    "provinceCode": "052000000",
    "districtCode": false,
    "regionCode": "050000000",
    "islandGroupCode": "luzon",
    "psgc10DigitCode": "0502002000"
  },
  {
    "code": "052003000",
    "name": "Bato",
    "oldName": "",
    "isCapital": false,
    "isCity": false,
    "isMunicipality": true,
    "provinceCode": "052000000",
    "districtCode": false,
    "regionCode": "050000000",
    "islandGroupCode": "luzon",
    "psgc10DigitCode": "0502003000"
  },
  {
    "code": "052004000",
    "name": "Caramoran",
    "oldName": "",
    "isCapital": false,
    "isCity": false,
    "isMunicipality": true,
    "provinceCode": "052000000",
    "districtCode": false,
    "regionCode": "050000000",
    "islandGroupCode": "luzon",
    "psgc10DigitCode": "0502004000"
  },
  {
    "code": "052005000",
    "name": "Gigmoto",
    "oldName": "",
    "isCapital": false,
    "isCity": false,
    "isMunicipality": true,
    "provinceCode": "052000000",
    "districtCode": false,
    "regionCode": "050000000",
    "islandGroupCode": "luzon",
    "psgc10DigitCode": "0502005000"
  },
  {
    "code": "052006000",
    "name": "Pandan",
    "oldName": "",
    "isCapital": false,
    "isCity": false,
    "isMunicipality": true,
    "provinceCode": "052000000",
    "districtCode": false,
    "regionCode": "050000000",
    "islandGroupCode": "luzon",
    "psgc10DigitCode": "0502006000"
  },
  {
    "code": "052007000",
    "name": "Panganiban",
    "oldName": "Payo",
    "isCapital": false,
    "isCity": false,
    "isMunicipality": true,
    "provinceCode": "052000000",
    "districtCode": false,
    "regionCode": "050000000",
    "islandGroupCode": "luzon",
    "psgc10DigitCode": "0502007000"
  },
  {
    "code": "052008000",
    "name": "San Andres",
    "oldName": "Calolbon",
    "isCapital": false,
    "isCity": false,
    "isMunicipality": true,
    "provinceCode": "052000000",
    "districtCode": false,
    "regionCode": "050000000",
    "islandGroupCode": "luzon",
    "psgc10DigitCode": "0502008000"
  },
  {
    "code": "052009000",
    "name": "San Miguel",
    "oldName": "",
    "isCapital": false,
    "isCity": false,
    "isMunicipality": true,
    "provinceCode": "052000000",
    "districtCode": false,
    "regionCode": "050000000",
    "islandGroupCode": "luzon",
    "psgc10DigitCode": "0502009000"
  },
  {
    "code": "052010000",
    "name": "Viga",
    "oldName": "",
    "isCapital": false,
    "isCity": false,
    "isMunicipality": true,
    "provinceCode": "052000000",
    "districtCode": false,
    "regionCode": "050000000",
    "islandGroupCode": "luzon",
    "psgc10DigitCode": "0502010000"
  },
  {
    "code": "052011000",
    "name": "Virac",
    "oldName": "",
    "isCapital": true,
    "isCity": false,
    "isMunicipality": true,
    "provinceCode": "052000000",
    "districtCode": false,
    "regionCode": "050000000",
    "islandGroupCode": "luzon",
    "psgc10DigitCode": "0502011000"
  },
  {
    "code": "054101000",
    "name": "Aroroy",
    "oldName": "",
    "isCapital": false,
    "isCity": false,
    "isMunicipality": true,
    "provinceCode": "054100000",
    "districtCode": false,
    "regionCode": "050000000",
    "islandGroupCode": "luzon",
    "psgc10DigitCode": "0504101000"
  },
  {
    "code": "054102000",
    "name": "Baleno",
    "oldName": "",
    "isCapital": false,
    "isCity": false,
    "isMunicipality": true,
    "provinceCode": "054100000",
    "districtCode": false,
    "regionCode": "050000000",
    "islandGroupCode": "luzon",
    "psgc10DigitCode": "0504102000"
  },
  {
    "code": "054103000",
    "name": "Balud",
    "oldName": "",
    "isCapital": false,
    "isCity": false,
    "isMunicipality": true,
    "provinceCode": "054100000",
    "districtCode": false,
    "regionCode": "050000000",
    "islandGroupCode": "luzon",
    "psgc10DigitCode": "0504103000"
  },
  {
    "code": "054104000",
    "name": "Batuan",
    "oldName": "",
    "isCapital": false,
    "isCity": false,
    "isMunicipality": true,
    "provinceCode": "054100000",
    "districtCode": false,
    "regionCode": "050000000",
    "islandGroupCode": "luzon",
    "psgc10DigitCode": "0504104000"
  },
  {
    "code": "054105000",
    "name": "Cataingan",
    "oldName": "",
    "isCapital": false,
    "isCity": false,
    "isMunicipality": true,
    "provinceCode": "054100000",
    "districtCode": false,
    "regionCode": "050000000",
    "islandGroupCode": "luzon",
    "psgc10DigitCode": "0504105000"
  },
  {
    "code": "054106000",
    "name": "Cawayan",
    "oldName": "",
    "isCapital": false,
    "isCity": false,
    "isMunicipality": true,
    "provinceCode": "054100000",
    "districtCode": false,
    "regionCode": "050000000",
    "islandGroupCode": "luzon",
    "psgc10DigitCode": "0504106000"
  },
  {
    "code": "054107000",
    "name": "Claveria",
    "oldName": "",
    "isCapital": false,
    "isCity": false,
    "isMunicipality": true,
    "provinceCode": "054100000",
    "districtCode": false,
    "regionCode": "050000000",
    "islandGroupCode": "luzon",
    "psgc10DigitCode": "0504107000"
  },
  {
    "code": "054108000",
    "name": "Dimasalang",
    "oldName": "",
    "isCapital": false,
    "isCity": false,
    "isMunicipality": true,
    "provinceCode": "054100000",
    "districtCode": false,
    "regionCode": "050000000",
    "islandGroupCode": "luzon",
    "psgc10DigitCode": "0504108000"
  },
  {
    "code": "054109000",
    "name": "Esperanza",
    "oldName": "",
    "isCapital": false,
    "isCity": false,
    "isMunicipality": true,
    "provinceCode": "054100000",
    "districtCode": false,
    "regionCode": "050000000",
    "islandGroupCode": "luzon",
    "psgc10DigitCode": "0504109000"
  },
  {
    "code": "054110000",
    "name": "Mandaon",
    "oldName": "",
    "isCapital": false,
    "isCity": false,
    "isMunicipality": true,
    "provinceCode": "054100000",
    "districtCode": false,
    "regionCode": "050000000",
    "islandGroupCode": "luzon",
    "psgc10DigitCode": "0504110000"
  },
  {
    "code": "054111000",
    "name": "City of Masbate",
    "oldName": "",
    "isCapital": true,
    "isCity": true,
    "isMunicipality": false,
    "provinceCode": "054100000",
    "districtCode": false,
    "regionCode": "050000000",
    "islandGroupCode": "luzon",
    "psgc10DigitCode": "0504111000"
  },
  {
    "code": "054112000",
    "name": "Milagros",
    "oldName": "",
    "isCapital": false,
    "isCity": false,
    "isMunicipality": true,
    "provinceCode": "054100000",
    "districtCode": false,
    "regionCode": "050000000",
    "islandGroupCode": "luzon",
    "psgc10DigitCode": "0504112000"
  },
  {
    "code": "054113000",
    "name": "Mobo",
    "oldName": "",
    "isCapital": false,
    "isCity": false,
    "isMunicipality": true,
    "provinceCode": "054100000",
    "districtCode": false,
    "regionCode": "050000000",
    "islandGroupCode": "luzon",
    "psgc10DigitCode": "0504113000"
  },
  {
    "code": "054114000",
    "name": "Monreal",
    "oldName": "",
    "isCapital": false,
    "isCity": false,
    "isMunicipality": true,
    "provinceCode": "054100000",
    "districtCode": false,
    "regionCode": "050000000",
    "islandGroupCode": "luzon",
    "psgc10DigitCode": "0504114000"
  },
  {
    "code": "054115000",
    "name": "Palanas",
    "oldName": "",
    "isCapital": false,
    "isCity": false,
    "isMunicipality": true,
    "provinceCode": "054100000",
    "districtCode": false,
    "regionCode": "050000000",
    "islandGroupCode": "luzon",
    "psgc10DigitCode": "0504115000"
  },
  {
    "code": "054116000",
    "name": "Pio v. Corpuz",
    "oldName": "Limbuhan",
    "isCapital": false,
    "isCity": false,
    "isMunicipality": true,
    "provinceCode": "054100000",
    "districtCode": false,
    "regionCode": "050000000",
    "islandGroupCode": "luzon",
    "psgc10DigitCode": "0504116000"
  },
  {
    "code": "054117000",
    "name": "Placer",
    "oldName": "",
    "isCapital": false,
    "isCity": false,
    "isMunicipality": true,
    "provinceCode": "054100000",
    "districtCode": false,
    "regionCode": "050000000",
    "islandGroupCode": "luzon",
    "psgc10DigitCode": "0504117000"
  },
  {
    "code": "054118000",
    "name": "San Fernando",
    "oldName": "",
    "isCapital": false,
    "isCity": false,
    "isMunicipality": true,
    "provinceCode": "054100000",
    "districtCode": false,
    "regionCode": "050000000",
    "islandGroupCode": "luzon",
    "psgc10DigitCode": "0504118000"
  },
  {
    "code": "054119000",
    "name": "San Jacinto",
    "oldName": "",
    "isCapital": false,
    "isCity": false,
    "isMunicipality": true,
    "provinceCode": "054100000",
    "districtCode": false,
    "regionCode": "050000000",
    "islandGroupCode": "luzon",
    "psgc10DigitCode": "0504119000"
  },
  {
    "code": "054120000",
    "name": "San Pascual",
    "oldName": "",
    "isCapital": false,
    "isCity": false,
    "isMunicipality": true,
    "provinceCode": "054100000",
    "districtCode": false,
    "regionCode": "050000000",
    "islandGroupCode": "luzon",
    "psgc10DigitCode": "0504120000"
  },
  {
    "code": "054121000",
    "name": "Uson",
    "oldName": "",
    "isCapital": false,
    "isCity": false,
    "isMunicipality": true,
    "provinceCode": "054100000",
    "districtCode": false,
    "regionCode": "050000000",
    "islandGroupCode": "luzon",
    "psgc10DigitCode": "0504121000"
  },
  {
    "code": "056202000",
    "name": "Barcelona",
    "oldName": "",
    "isCapital": false,
    "isCity": false,
    "isMunicipality": true,
    "provinceCode": "056200000",
    "districtCode": false,
    "regionCode": "050000000",
    "islandGroupCode": "luzon",
    "psgc10DigitCode": "0506202000"
  },
  {
    "code": "056203000",
    "name": "Bulan",
    "oldName": "",
    "isCapital": false,
    "isCity": false,
    "isMunicipality": true,
    "provinceCode": "056200000",
    "districtCode": false,
    "regionCode": "050000000",
    "islandGroupCode": "luzon",
    "psgc10DigitCode": "0506203000"
  },
  {
    "code": "056204000",
    "name": "Bulusan",
    "oldName": "",
    "isCapital": false,
    "isCity": false,
    "isMunicipality": true,
    "provinceCode": "056200000",
    "districtCode": false,
    "regionCode": "050000000",
    "islandGroupCode": "luzon",
    "psgc10DigitCode": "0506204000"
  },
  {
    "code": "056205000",
    "name": "Casiguran",
    "oldName": "",
    "isCapital": false,
    "isCity": false,
    "isMunicipality": true,
    "provinceCode": "056200000",
    "districtCode": false,
    "regionCode": "050000000",
    "islandGroupCode": "luzon",
    "psgc10DigitCode": "0506205000"
  },
  {
    "code": "056206000",
    "name": "Castilla",
    "oldName": "",
    "isCapital": false,
    "isCity": false,
    "isMunicipality": true,
    "provinceCode": "056200000",
    "districtCode": false,
    "regionCode": "050000000",
    "islandGroupCode": "luzon",
    "psgc10DigitCode": "0506206000"
  },
  {
    "code": "056207000",
    "name": "Donsol",
    "oldName": "",
    "isCapital": false,
    "isCity": false,
    "isMunicipality": true,
    "provinceCode": "056200000",
    "districtCode": false,
    "regionCode": "050000000",
    "islandGroupCode": "luzon",
    "psgc10DigitCode": "0506207000"
  },
  {
    "code": "056208000",
    "name": "Gubat",
    "oldName": "",
    "isCapital": false,
    "isCity": false,
    "isMunicipality": true,
    "provinceCode": "056200000",
    "districtCode": false,
    "regionCode": "050000000",
    "islandGroupCode": "luzon",
    "psgc10DigitCode": "0506208000"
  },
  {
    "code": "056209000",
    "name": "Irosin",
    "oldName": "",
    "isCapital": false,
    "isCity": false,
    "isMunicipality": true,
    "provinceCode": "056200000",
    "districtCode": false,
    "regionCode": "050000000",
    "islandGroupCode": "luzon",
    "psgc10DigitCode": "0506209000"
  },
  {
    "code": "056210000",
    "name": "Juban",
    "oldName": "",
    "isCapital": false,
    "isCity": false,
    "isMunicipality": true,
    "provinceCode": "056200000",
    "districtCode": false,
    "regionCode": "050000000",
    "islandGroupCode": "luzon",
    "psgc10DigitCode": "0506210000"
  },
  {
    "code": "056211000",
    "name": "Magallanes",
    "oldName": "",
    "isCapital": false,
    "isCity": false,
    "isMunicipality": true,
    "provinceCode": "056200000",
    "districtCode": false,
    "regionCode": "050000000",
    "islandGroupCode": "luzon",
    "psgc10DigitCode": "0506211000"
  },
  {
    "code": "056212000",
    "name": "Matnog",
    "oldName": "",
    "isCapital": false,
    "isCity": false,
    "isMunicipality": true,
    "provinceCode": "056200000",
    "districtCode": false,
    "regionCode": "050000000",
    "islandGroupCode": "luzon",
    "psgc10DigitCode": "0506212000"
  },
  {
    "code": "056213000",
    "name": "Pilar",
    "oldName": "",
    "isCapital": false,
    "isCity": false,
    "isMunicipality": true,
    "provinceCode": "056200000",
    "districtCode": false,
    "regionCode": "050000000",
    "islandGroupCode": "luzon",
    "psgc10DigitCode": "0506213000"
  },
  {
    "code": "056214000",
    "name": "Prieto Diaz",
    "oldName": "",
    "isCapital": false,
    "isCity": false,
    "isMunicipality": true,
    "provinceCode": "056200000",
    "districtCode": false,
    "regionCode": "050000000",
    "islandGroupCode": "luzon",
    "psgc10DigitCode": "0506214000"
  },
  {
    "code": "056215000",
    "name": "Santa Magdalena",
    "oldName": "",
    "isCapital": false,
    "isCity": false,
    "isMunicipality": true,
    "provinceCode": "056200000",
    "districtCode": false,
    "regionCode": "050000000",
    "islandGroupCode": "luzon",
    "psgc10DigitCode": "0506215000"
  },
  {
    "code": "056216000",
    "name": "City of Sorsogon",
    "oldName": "",
    "isCapital": true,
    "isCity": true,
    "isMunicipality": false,
    "provinceCode": "056200000",
    "districtCode": false,
    "regionCode": "050000000",
    "islandGroupCode": "luzon",
    "psgc10DigitCode": "0506216000"
  }
]